{
  "project_info": {
    "project_number": "1013068664706",
    "project_id": "password-reset-73f73",
    "storage_bucket": "password-reset-73f73.appspot.com"
  },
  "client": [
    {
      "client_info": {
        "mobilesdk_app_id": "1:1013068664706:android:2153584f7b9a196e1dc99b",
        "android_client_info": {
          "package_name": "com.example.inventoryapp"
        }
      },
      "oauth_client": [],
      "api_key": [
        {
          "current_key": "AIzaSyDfu10y5j3GZ4wHgYK7Q5SkPlp5QY_QrnU"
        }
      ],
      "services": {
        "appinvite_service": {
          "other_platform_oauth_client": []
        }
      }
    }
  ],
  "configuration_version": "1"
}